{"ball": {"x": 0.6918331097612092, "y": 0.561021786501919}, "left": 0.08035714285714286, "right": 0.3192307692307692, "score_l": 18, "score_r": 6, "running": false}